{"CH": {"0a": {"foul": 0.4827272727272727, "out": 0.25181818181818183, "strike": 0.15636363636363637, "hit": 0.10909090909090909}, "10b": {"foul": 0.373134328358209, "strike": 0.3246268656716418, "out": 0.21641791044776118, "hit": 0.08582089552238806}, "11b": {"strike": 0.391304347826087, "foul": 0.34782608695652173, "out": 0.15217391304347827, "hit": 0.10869565217391304}, "12a": {"foul": 0.541802895843064, "strike": 0.2524521251751518, "out": 0.15506772536198038, "hit": 0.05067725361980383}, "12b": {"foul": 0.532608695652174, "strike": 0.3496376811594203, "out": 0.09057971014492754, "hit": 0.02717391304347826}, "13a": {"out": 0.3197597385389983, "strike": 0.29705856373111916, "foul": 0.28928539881635895, "hit": 0.09389629891352354}, "13b": {"strike": 0.4567307692307692, "foul": 0.2971153846153846, "out": 0.18076923076923077, "hit": 0.06538461538461539}, "14a": {"strike": 0.6071428571428571, "foul": 0.31887755102040816, "out": 0.05229591836734694, "hit": 0.021683673469387755}, "14b": {"strike": 0.8048780487804879, "foul": 0.17073170731707318, "out": 0.018292682926829267, "hit": 0.006097560975609756}, "15a": {"strike": 0.5224321462408739, "foul": 0.24895502424343754, "out": 0.1717104163183414, "hit": 0.05690241319734715}, "15b": {"strike": 0.8149019607843138, "foul": 0.11294117647058824, "out": 0.0596078431372549, "hit": 0.012549019607843137}, "16a": {"strike": 0.6002615518744551, "out": 0.18657367044463818, "foul": 0.16434176111595467, "hit": 0.04882301656495205}, "16b": {"strike": 0.8470873786407767, "foul": 0.06553398058252427, "out": 0.05825242718446602, "hit": 0.02912621359223301}, "1a": {"foul": 0.4206069160197601, "out": 0.2745236414961186, "strike": 0.1651376146788991, "hit": 0.1397318278052223}, "2a": {"foul": 0.35727670206121176, "out": 0.3079325421611493, "strike": 0.20924422236102436, "hit": 0.12554653341661462}, "3a": {"foul": 0.4718684880759435, "out": 0.24727946283862004, "strike": 0.1521185459597129, "hit": 0.12873350312572354}, "4a": {"foul": 0.3599650094766001, "out": 0.3115614521067211, "strike": 0.16897506925207756, "hit": 0.15949846916460125}, "5a": {"out": 0.36594012605042014, "foul": 0.3068539915966387, "strike": 0.18986344537815125, "hit": 0.13734243697478993}, "6a": {"foul": 0.4424778761061947, "strike": 0.29400196656833827, "out": 0.1746031746031746, "hit": 0.08891698272229245}, "7a": {"foul": 0.3164179104477612, "strike": 0.29355852317360565, "out": 0.26818538884524745, "hit": 0.1218381775333857}, "8a": {"out": 0.34026118808727507, "strike": 0.2963847746456442, "foul": 0.25553432075171206, "hit": 0.10781971651536869}, "9b": {"foul": 0.5, "strike": 0.390625, "out": 0.09375, "hit": 0.015625}}, "CU": {"0a": {"foul": 0.43283582089552236, "out": 0.31449893390191896, "strike": 0.14712153518123666, "hit": 0.10554371002132196}, "10b": {"foul": 0.39644970414201186, "strike": 0.2781065088757396, "out": 0.23668639053254437, "hit": 0.08875739644970414}, "11b": {"foul": 0.38461538461538464, "strike": 0.3076923076923077, "hit": 0.15384615384615385, "out": 0.15384615384615385}, "12a": {"foul": 0.5466507177033493, "strike": 0.23983253588516745, "out": 0.15430622009569378, "hit": 0.05921052631578947}, "12b": {"foul": 0.5324675324675324, "strike": 0.27705627705627706, "out": 0.15584415584415584, "hit": 0.03463203463203463}, "13a": {"strike": 0.3652173913043478, "out": 0.2940503432494279, "foul": 0.2551487414187643, "hit": 0.08558352402745996}, "13b": {"strike": 0.536036036036036, "foul": 0.22747747747747749, "out": 0.18468468468468469, "hit": 0.0518018018018018}, "14a": {"strike": 0.6426299045599152, "foul": 0.3022269353128314, "out": 0.036055143160127257, "hit": 0.019088016967126194}, "14b": {"strike": 0.8862815884476535, "foul": 0.09927797833935018, "out": 0.01263537906137184, "hit": 0.0018050541516245488}, "15a": {"strike": 0.5443037974683544, "foul": 0.25477195097448263, "out": 0.15163083517513898, "hit": 0.049293416382023975}, "15b": {"strike": 0.9590834697217676, "foul": 0.03436988543371522, "out": 0.004909983633387889, "hit": 0.0016366612111292963}, "16a": {"strike": 0.6805896805896806, "out": 0.14045864045864045, "foul": 0.13595413595413594, "hit": 0.042997542997543}, "16b": {"strike": 0.9317269076305221, "foul": 0.03843947217441193, "out": 0.020080321285140562, "hit": 0.009753298909925417}, "1a": {"foul": 0.41786941580756015, "out": 0.3134020618556701, "strike": 0.1402061855670103, "hit": 0.12852233676975944}, "2a": {"foul": 0.40200445434298443, "out": 0.30734966592427615, "strike": 0.17483296213808464, "hit": 0.11581291759465479}, "3a": {"foul": 0.46183699870633893, "out": 0.286869340232859, "hit": 0.15103492884864167, "strike": 0.10025873221216042}, "4a": {"foul": 0.3702618883528601, "out": 0.3461405926946933, "hit": 0.16884906960716747, "strike": 0.11474844934527911}, "5a": {"out": 0.38496687228695453, "foul": 0.3111720356408499, "strike": 0.1553575508339045, "hit": 0.14850354123829107}, "6a": {"foul": 0.4629127091813659, "strike": 0.2157394843962008, "out": 0.21144278606965175, "hit": 0.10990502035278155}, "7a": {"foul": 0.3649935347360997, "out": 0.29716703890913365, "strike": 0.20065828141530503, "hit": 0.13718114493946162}, "8a": {"out": 0.34448818897637795, "foul": 0.28188976377952757, "strike": 0.25826771653543307, "hit": 0.11535433070866141}, "9b": {"foul": 0.5, "strike": 0.35, "out": 0.1, "hit": 0.05}}, "FC": {"0a": {"foul": 0.44315992292870904, "strike": 0.24470134874759153, "out": 0.23073217726396916, "hit": 0.08140655105973026}, "10a": {"strike": 0.4889502762430939, "foul": 0.39226519337016574, "out": 0.09392265193370165, "hit": 0.024861878453038673}, "10b": {"strike": 0.6125541125541125, "foul": 0.29004329004329005, "out": 0.08008658008658008, "hit": 0.017316017316017316}, "11b": {"strike": 0.5, "foul": 0.28125, "out": 0.21875}, "12a": {"foul": 0.5371920593159532, "strike": 0.23391533126046402, "out": 0.17483855536952883, "hit": 0.05405405405405406}, "12b": {"strike": 0.46437994722955145, "foul": 0.41160949868073876, "out": 0.10554089709762533, "hit": 0.018469656992084433}, "13a": {"strike": 0.37633378932968536, "foul": 0.32585499316005473, "out": 0.22599179206566347, "hit": 0.07181942544459645}, "13b": {"strike": 0.6792873051224945, "foul": 0.18930957683741648, "out": 0.0935412026726058, "hit": 0.0378619153674833}, "14a": {"strike": 0.6894075403949731, "foul": 0.2710951526032316, "out": 0.03052064631956912, "hit": 0.008976660682226212}, "14b": {"strike": 0.8914728682170543, "foul": 0.10077519379844961, "hit": 0.007751937984496124}, "15a": {"strike": 0.4619060260153969, "foul": 0.27979824794265995, "out": 0.19670825590655694, "hit": 0.06158747013538625}, "15b": {"strike": 0.8737373737373737, "foul": 0.08585858585858586, "out": 0.030303030303030304, "hit": 0.010101010101010102}, "16a": {"strike": 0.7193675889328063, "foul": 0.15019762845849802, "out": 0.09565217391304348, "hit": 0.034782608695652174}, "16b": {"strike": 0.9558441558441558, "foul": 0.025974025974025976, "out": 0.01818181818181818}, "1a": {"foul": 0.40554998328318287, "strike": 0.3162821798729522, "out": 0.20060180541624875, "hit": 0.07756603142761619}, "2a": {"foul": 0.400990099009901, "strike": 0.3132313231323132, "out": 0.21602160216021601, "hit": 0.06975697569756975}, "3a": {"foul": 0.4310461192350956, "out": 0.3363329583802025, "hit": 0.1390326209223847, "strike": 0.09358830146231721}, "4a": {"foul": 0.40831905281196446, "out": 0.31500233681258766, "hit": 0.14083190528119643, "strike": 0.13584670509425145}, "5a": {"foul": 0.40235690235690236, "out": 0.30134680134680136, "strike": 0.18166513621059074, "hit": 0.11463116008570554}, "6a": {"foul": 0.4605516356638871, "out": 0.2671584348941629, "strike": 0.15458627325208468, "hit": 0.1177036561898653}, "7a": {"foul": 0.35906040268456374, "out": 0.3454278523489933, "strike": 0.15058724832214765, "hit": 0.1449244966442953}, "8a": {"out": 0.34664694280078895, "foul": 0.33103221564760027, "strike": 0.21614069690992768, "hit": 0.1061801446416831}, "9b": {"strike": 0.5918367346938775,